<?xml version="1.0" encoding="UTF-8"?>
<project-private xmlns="http://www.netbeans.org/ns/project-private/1">
    <editor-bookmarks xmlns="http://www.netbeans.org/ns/editor-bookmarks/2" lastBookmarkId="0"/>
    <open-files xmlns="http://www.netbeans.org/ns/projectui-open-files/2">
        <group>
            <file>file:/D:/della%20nitip/tugas/alpro/uasku/src/uasku/suhu.java</file>
            <file>file:/D:/della%20nitip/tugas/alpro/uasku/src/uasku/KonversiBilangan.java</file>
            <file>file:/D:/della%20nitip/tugas/alpro/uasku/src/uasku/Anggota.java</file>
        </group>
    </open-files>
</project-private>
